No.,name,problem,content,originallity,appropriateness,pcat1,pcat2,pcat3,ccat1,ccat2,ccat3,select_pcat,no1,no2,no3
1,,上司のパワハラや教育方法が明確でない。残業代未払いや時間外労働。ミスに対していつまでも根に持つ。,上司解雇。労働監督署の指導。教育方法の見直し。タイムカードの取付。月に１回は全体会議を開き内部状況を報告する,2,4,4,8,7,,,,,,,
2,,とにかく紙での情報媒体が多く、又、重要なデータもパソコン毎に2〜3重持ちしており、最新版管理が出来ていません。,"サーバ等、高価な機器は要りません。メインのPCを決め、業務に必要なデータを、業務に必要なパソコンのみで共有化します。
又、共有化されたデータは、外付けのメディアに1回/日、バックアップを採取する運用を定着すれば、業務の効率化とデータ管理の高度化が図れます。",3,4,10,,,,,,,,,
3,,不透明な説明がかなりあるような職場は、好感度は、ないと思います。,とにかく情報を得て、ちゃんとした場所で解決して、周りにわかりやすく説明すれば、いいと思う。,1,2,5,,,,,,,,,
4,,会社の上司が仕事に私情をはさみ好き嫌いで仕事を任せるか任せないか決めていることが問題点です,仕事を任せるのは私情ではなく仕事ができるかできないかで判断してもらう,1,2,4,,,,,,,,,
5,,煙草の吸殻の放置や日頃の挨拶などマナーやモラルが守られていないこと。,定期的に講習などを行いリーダーが担当部下などにしっかりと指導するように改善する。,2,3,6,12,,,,,,,,
6,,仕事が分担割りされているのだが、それぞれの分担でどのような状況なのかが他のひとにあまり伝わっていない。急な問い合わせのあった時に慌てるし、イベント事なので当日の動きなどギリギリにならないとわからない。,小さな職場でも定期的なミーティングがあれば大分改善すると思う。文書をまわすだけではやはり伝わりにくい部分がある。,2,3,5,,,,,,,,,
7,,気分にムラがある人がいて、職場の空気が日によって良かったり悪かったり違うこと。,会話をする事が必要だが、職場ではなかなか暗い雰囲気から抜け出せないこともあるので、仕事終わってから食事に行ったり、職場以外で話す機会が必要ではないかと思う。,2,3,6,,,,,,,,,
8,,ほぼ女性しかいない職場であり、閉鎖的空間である。外部からの人の出入りも少なく、内部の問題が外部にわかりにくい。,長年同じ部署にとどまる人も多いため、外部に出入りするように提案した。,2,3,6,,,,,,,,,
9,,スタッフ全員が暗いです。その為お客様クライアントにも伝わってしまい、業績が落ちています。,やはり対人のお仕事なので笑顔を作ること、朝しっかり挨拶する事。作り笑顔でもやっているうちに楽しくなるのではないかと思います、,2,3,6,,,,,,,,,
10,,職場内の空気が固く、新入社員が気軽に質問などできる雰囲気がない。,職場内で挨拶の回数を増やしたり、上司が率先して世間話などでも話し出すようにする。,2,3,6,,,,,,,,,
11,,月に2回、ノー残業デーがあるのですが、実際にはノー残業デーでも、みんな残業していて、帰りづらい雰囲気が問題だと思います。,上司が率先してノー残業デーを実施して、部下より先に帰り、帰りやすい雰囲気を出したり、上司が「ノー残業デーだから、今日は帰れ」と部下に声かけをすれば、帰りやすくなると思います。,2,3,7,,,,,,,,,
12,,会社では年功序列という風潮がまたまだ抜けてないので年上の言う事は言いなりになってしまう。,やっぱり年功序列という風潮が悪いとは思いませんが、古いやり方は新しくしないと時代は変わります。年下の意見を聞き入れる機会を作らないといけないと思います。,2,3,10,,,,,,,,,
13,,職場の人達それぞれのコミュニケーション不足が事務所内の雰囲気を悪くしている,あいさつなど、出来ることから積極的にみんなとして、少しでも明るくすること。,2,3,6,,,,,,,,,
14,,人間関係。うわべだけの人間関係が業務において悪影響を与えている。信頼感がないので簡単に裏切る。,会社からの経費で社員で飲み会の実施。現在の不満や相談事を簡単に話せる場所があればよいと思う。,2,3,6,,,,,,,,,
15,,部署によって忙しさが違い、しかももっと忙しい部署からすればそう忙しくもない部署の人間の忙しい自慢の愚痴。,それぞれが愚痴程度ですんでるうちはいい。愚痴れる空間(社外がいいのかもしれないけど、飲食店はお金かかる)が男女別、上司が来ない、があるといい。本来あったはずの休憩所が仕事場に転換されて休憩所がほとんど無くなった。,2,3,4,,,,,,,,,
16,,私の職場は、新入社員や転職者へのサポートが乏しく、教えるといった概念がないことが問題に感じます。,新入社員への教えなければ、結果として失うものが大きいように感じます。教わるだけでなく、教えることに対しての教育制度も設けるといいかと思います。,2,3,9,,,,,,,,,
17,,"お局様達の新人イビリが凄い所。

それを上司が見てみぬふりをしている点。",常に笑顔でにこにこしながら痛くも痒くも無い様に装ってます。そうするとお局様達もつまらないみたいで去って行きます。,2,3,7,,,,,,,,,
18,,３人の上司のいる部屋があるが、誰が在室中なのかわからない。急用でなければ、社内用PHSを利用してわざわざ居場所確認をしたり、時間を取ってもらいにくい。印鑑の捺印が欲しいとか、仕事についての相談など、在室していて時間を取ってもらいやすそうなら声をかけている状況。ドアを開けて、用事のある上司が不在だと他の在室中の上司に申し訳ない気持ちになるし、そのあと、何度行ってもタイミングが合わずに合えないと時間が勿体ない。,各上司の在室不在のカードを作って、わかりやすくする。そうすれば、部屋の前に行っただけで状況がわかり、不在ならわざわざ部屋の扉を開ける必要がなくなる。,3,4,5,,,,,,,,,
19,,人と人の風通しがかなり悪く感じます。一番上に立つ人間が、お気に入りの部下の意見をかなり取り入れる,やはり、会議などを定期的に開き、自分の意見を言えるような環境作りが大切,2,3,4,,,,,,,,,
20,,みんなそれぞれがいがみ合っていて、ギスギスした雰囲気が流れていること。,差し入れやお菓子などをこまめに配り、お菓子をきっかけに会話をして、張り詰めた空気を壊すようにしている。,3,3,3,,,,,,,,,
21,,男性トイレの個室が少なく、出勤時にかなりの割合で混雑することです。,会社内にトイレを増設できれば言うことはありませんが、無理でも外に簡易トイレを設置する。,2,4,12,,,,,,,,,
22,,報連相（報告・連絡・相談）がきちんとなされていない。自分は正社員ではありません。これは、会社の体質なのかな？と思っていますが、大体被害を被るのは正社員以外の人です。,朝礼で色々な連絡等行うのですが、集まる人の幅が広すぎて、聞いていてもほぼ関係ない話では？と思うような事が多く、とても無駄な時間に感じます。それだったらもっと狭い範囲での朝礼をし、その狭い範囲で必要である内容の連絡等をした方が、無駄な時間を費やす事なく、滞りなく業務が行えると思います。,3,3,5,,,,,,,,,
23,,40代50代のスタッフが出来ない事や分からない事を年齢のせいにして開き直る所,もう少し採用スタッフの年齢をキャリアがあるからと言って高い年齢層ばかり採用するのを控えるようにしたら良いと思う。,2,3,10,11,,,,,,,,
24,,コミュニケーションをはき違えている人がいること。馴れ合いや仲良しクラブのような関係は円滑な職場の人間関係ではない。,相手に干渉しすぎない。間違った身内意識で、グループになろうとしない。,2,3,6,,,,,,,,,
25,,会社の体質が古く、男尊女卑傾向が強いことです。例えば、お茶だしや電話応対は、同じ仕事をしている社員同志であっても女性の仕事であると暗黙の了解になっています。,男性に、意識を改革してもらうきっかけになるように、女性のお茶だしを原則なくし、来客対応をする本人が、設置されたショーケースの中から飲み物をだし、お客様にお出しするようにする。男性社員には、このほうがスマートで効率が良いという利点をアピールします。,3,4,10,,,,,,,,,
26,,上司の態度が、営業で成績が取れている人とそうでない人で違う。,社員をしっかりと教育し、どうしても成績が出ない人がサポートしてもらえる環境を作る。,2,3,6,,,,,,,,,
27,,共有で使うもの、例えば、カッターとかガムテープを使っても元に戻さない事が多いこと,共有物の置き場を決め、その置き場に番号や名前を決め、共有物にその置き場の番号をかきます。使った人が元に戻し忘れても、他の人が戻してくれます。,3,4,10,,,,,,,,,
28,,自由に自分の意見が言いづらい雰囲気と責任を個人に押し付けやすい環境,チーム制にして定めた目標に対してチーム毎に競わせ、月ごとにチーム表彰。一位のチームにはチームランチのご褒美。内容によってエスカレーションで仕事が振り分けるルールの制定。,3,3,6,,,,,,,,,
29,,人手不足で、１人当たりの作業にかなり負担がかかっていると思う。,作業の効率をあげることはもちろんだが、人は必要としない作業を考えていくべきである,2,3,11,,,,,,,,,
30,,現場の意見がきちんと反映されていない。現場をよく分かっていない管理者が現場の意見を聞かずに、様々なことを決定してしまう。問題が発生して、初めて現場の意見を採用する。,現場が意見を言いやすい会議や意見箱を作る。管理者が管理者研修をマネージメントを学ぶ。,2,4,4,5,,,,,,,,
31,,上のモラハラや、感情や自分の立場によってコロコロ意見を変えるところ。,今まではこっちが我慢したり、騙されたふりしていたがそろそろ自覚して改善させること。それが無理なら精神科にいかせるのがいいのではないかと思う,1,2,4,7,,,,,,,,
32,,とにかくコミュニケーションが足りないです。情報共有はメールだけです。会議もろくにしないし、職場はシーンとしていてキーボードの音しか聞こえません。,今の状況だったら全員在宅勤務にして事務所をなくしてしまえば、固定費が大きく削減できます。それが嫌なら、社内のメールは基本禁止にして、声を掛け合ってこそ事務所が活かされます。,3,3,6,,,,,,,,,
33,,人を馬鹿にしたり、目上の人にまで馬鹿にした態度をとる人がたくさんいること。人を尊重できる人が少ないこと。,仕事ができたり、できなかったり得手不得手はあって当たり前のことなので、それをきちんと理解しその上で相手を敬えるように普段から部署を越えたコミュニケーションを計っていくべきだと思う。,2,3,3,,,,,,,,,
34,,"コミュニケーション不足による効率の低下。

資金不足による賃金、福利厚生、年金、社会保険の整備不足。","コミュニケーション不足の解消には始業、終業時間の前後に打ち合わせ、申し送りの時間の確保。

年金、社会保険の整備に関しては個人努力、会社努力では限界があるので、国などが資金を集め年金、社会保険の負担を少なくするための機関を創設。",2,3,5,8,,,,,,,,
35,,上司の機嫌で空気が悪くなり、みんなが気を使い仕事効率が悪くなる。,上司の機嫌うんぬんではなく、笑いを作っていければ、仕事効率が良くなると思う,1,2,6,,,,,,,,,
36,,職業柄、その仕事が終わらないと、終わりじゃないので、サービス残業当たり前みたいな感じです。,"できる作業員をスカウトするか、作業員を増員する。

仕事量を少なくする。",2,4,11,,,,,,,,,
37,,空調のあたり具合が席によって違うので、人によっては適温ではない。,夏場は小さい扇風機を置き、冬場は膝掛けを持って行っています。,2,4,12,,,,,,,,,
38,,"協力性の無いところ

人の悪いところ、欠点ばかり言っているところ

時間や期日にルーズなところ","一つの問題点に対してみんなで解決をしていく

人の良いところを見つけてその面をもっと伸ばせるようにしていく

時間や期日を守れなかったらその真の原因をみんなで突き止めていく",2,3,4、10,,,,,,,,,
39,,大きく分けて二項目に分かれていると私自身は思っています。一つ目は大方の企業でも良く在りがちな職場の上司や部下、同僚等との人間関係が上げられます。もう一つは最初は出来るだろうと思い意気込んで入った会社との価値観が違ったりしてストレスを感じたりする事では無いかと考えています。,最初に上げた項目に関しては人との付き合いを多く取る事で少なくとも個々の能力からは改善されるのではないかと思います。二項目目に関しては一概にこれっと言った取り決めは有りませんが、一番に重要視するのは職場の雰囲気だと私は考えています。その職場での働き易さが問われるのでは無いかと思います。,2,3,6,,,,,,,,,
40,,一人一人の自我が強すぎてまとまりがなく、個人プレーが目立ち協調性がないところです。,交換日記みたいに自分の今している仕事とそれについての思いを書かせ回し合いコメント書き合えば報連相にもなるからいいと思います。,3,3,5,,,,,,,,,
41,,上司同士の仲がとても悪く、同じ案件についての見解が毎回異なる。,自分がそれぞれの上司に話を聞くのではなく、上司同士に直接話をしてもらい、結果だけ聞く。,2,3,4、5,,,,,,,,,
42,,営業と事務員のコミュニケーションがうまくとれていなくて仕事が回らない,営業で忙しいのはわかりますが、事務員がやった仕事をなるべく早めに目を通して欲しいです。,1,2,5,,,,,,,,,
43,,情報がいきとどいていなくミスや忘れ物があったり不良品がでてしまう。,品物を作るときは指示書と担当の人に確認をとったり確認をちゃんとる。,2,3,5,,,,,,,,,
44,,従業員の人数が多すぎて、それぞれの給料が少なくなる。ダメな人に合わせて仕事内容が決められるのでもうちょっとハードルを上げて欲しい。,従業員の人数を適正にして、仕事内容や給料もそれぞれの能力に合わせて決めて欲しい。,2,4,8,,,,,,,,,
45,,上司の部下に対する理想と部下が上司に対する理想がずれていて、文句ばかりで会社の空気が良くないです。,上司も部下も完璧な理想には近づかないのですから、お互いに歩み寄ることが必要だと思います。,1,2,3,,,,,,,,,
46,,"１．作業と仕事の区別がついていず、作業にばかり工数を費やし、且つ作業の仕組化が全くできていない
２．コミュニケーションのベクトルが成果方向に向いていない","１に関して
・まず全員が問題の共通認識を持つ
・全員で問題点を洗い出す
・問題点から課題を見つける
・そして仕組化できる事はすぐに仕組化に動き、できない事はできない原因（さらなる課題）を解決する
・ただ1回では終わらないのでプロジェクトとして複数回実施することが必要
２について
・情報共有と質問の場を設ける事が先決
・但し場を設けても、うまくファシリテートしないと、その場と時間が意味を持たなくなってしまう
・一方で企業理念共有と体現をさせる場も必要
・これは、一旦仕事から離れて、チームビルディングやワークショップから疑似体験させるよいと思う",3,3,5,10,,,,,,,,
47,,いつも暗いオーラを発しています男性社員がいます。仕事はとても真面目にこなしていますが、とにかく暗いオーラが出ています。,同僚達といつも話していまして、すでに実践していますが、とにかくその男性社員に話しかけましたり、挨拶を元気にするようにしています。,2,3,6,,,,,,,,,
48,,なんでもかんでも点数を付けて評価をだしているところ！評価ばっかり気にしてしまい仕事に集中できなくなる。,点数をつける事自体は良いことだと思いますが、本人にはわからないように評価して頂きたい！,2,3,8,,,,,,,,,
49,,仲の悪い職員が、お互いを避け合っているために単独行動が多く、チームワークが成り立っていない。,上司に職員同士の関係や雰囲気を報告、別のチームに配属させるなど対策してもらう。,2,3,3,,,,,,,,,
50,,"有給休暇をとりにくいです。

休む権利があるはずなのに嫌な顔をされるのでなかなか消化できずにいます。",会社として強制的に有給をとらせるような体制づくりをしなければ何も変わらないと思います。,2,3,8,,,,,,,,,
51,,個々の個性が強く、意見の食い違いが多いのでまとめるのに苦労する。,毎日の朝礼を欠かさず行い、話し合いの場を設けて意見の擦り合わせを行う。最終的には責任者から統一事項として発表。,2,3,5,,,,,,,,,
52,,すべてにおいて人間関係だとおもっています。人間関係がよければ環境は良くなります。,陰口や嫌がらせなどの幼稚感覚をなくすこと。仕事に没頭し切磋琢磨して働くこと。,1,2,3,,,,,,,,,
53,,人間関係がいちばん重要だと考えます。人間関係がよければ職場は平和です。,仕事に一生懸命集中し、切磋琢磨できる場所であることがポイントです。,1,2,6,,,,,,,,,
54,,書類が多いためにデスクの上が汚い人が多く、必要な書類がすぐ見つからなかったり、提出書類の期限を過ぎてしまうことが多々あるという問題点。,机の上で収納できるように小さな棚などをつくり整理整頓をしやすい環境を作る。社内で整理整頓のルール作りをする。,2,3,12,,,,,,,,,
55,,机や椅子だけがあるだけの無機質な空間、心休まる空間ではないところ。,机や椅子をデザイン性の高いものにしたり、観葉植物などの自然を置く。,2,3,12,,,,,,,,,
56,,"アイデアを出す事がない、古い体質。

他の部署、人にすこぶる興味がない。

仕事が部署ではなく人にくっついているので、誰が何をしているのか、業務分掌なども分からず引き継ぎや共有が出来ない。","挨拶をかわす。

部署間でもっと業務共有、会話を行いコミュニケーションを取る。

縦割りの部署制度から、専門性にわけた部署体制への変更。",2,3,5,,,,,,,,,
57,,"小売業なのですが、いつもマンネリした広告(広告内容は本社が決定)、商品陳列のため売上が落ちている。

","勤めている従業員のほとんどが地元の人なので、お客様の求めている商品や必需品は実際接している従業員が一番よく知っている。

なので、従業員の企画やお客様から聞きとりした商品を短期間でも良いので実現するようにしたほうがいい。

決められた曜日を従業員発案のお楽しみ企画としてイベント感覚で行うとか。

好評だった場合、本社でその企画をもとに規模を大きくしてやればいい。",3,3,10,,,,,,,,,
58,,　やっぱり、朝から職場の”雰囲気”が良くない事です。なんだか、みんな疲れきっている感がある事。,　この”雰囲気”改善には、始業の前には、”音楽”をかけたらどうかなと思います。手軽に爽やかな気分にしてくれそう。,3,3,6,,,,,,,,,
59,,一部の社員しか知らない情報の共有ができていないことによってお客様に迷惑をかけることがある。,メールでのやり取りや、職場に特記事項を書くことが出来る掲示板等を設置し、情報を共有できるようにする。,2,4,5,,,,,,,,,
60,,部署によって、部長の部下に対する評価が違い過ぎるので、昇進する人が多い部署と全く昇進者のいない部署があります。採点の厳しい部署にいるといつまでも自分が評価されません。,全部長が全部下の評価をして、評価が均衡になるように考慮してほしいです。,2,3,8,,,,,,,,,
61,,持ち帰りの仕事やサービス残業が多いのに給料は少なく、年休も取らせてもらえない。,持ち帰りやサービス残業を認め給料をあげる、もしくは残業や持ち帰りの仕事をしなくても済むように人材確保、仕事の簡易化を行う。,2,4,8,11,,,,,,,,
62,,細かい連絡がすべての社員に行き届いていない事などの連絡ミスがあります。,メールも大切ですが電話も使用して大切な用件は直接話して確認することが大切です。,2,3,5,,,,,,,,,
63,,意識の統一を図るのが一番むずかしいのでは。ある程度年齢がいくと見えてくるけど、会社の人それぞれが同じ目的で働いているかというとそうでもない。ミーティングしても語り掛けている人、聞いている人、違うこと考えている人、様々います。大きな目標を掲げる上司、小さな作業にしか目がいかない部下。それぞれの立場でかけているものがあると認識して歩み寄っていく姿勢が必要だと思う。,会話が一番の薬だと思います。挨拶から今日の気構えがうかがえたり、雑談から今の心境を垣間見たり。プライベートのようだけど、仕事をスムーズに行う、回すうえで必要な情報ともいえる。また、日々のミーティングとまではいかずとも自分たちは何をどこまで行ってどこに向かっているかの確認作業が重要だと思います。,2,3,5,,,,,,,,,
64,,物が多く、どこになにがあるか分からないし、見た目が汚いので仕事の効率が悪いと思います。,必要なものと必要でないものを分別し、ものの置く位置を決めて見た目を綺麗にする。,2,3,12,,,,,,,,,
65,,社員同士での会話が少ないため、社内全体の雰囲気が暗く感じている。,毎日出社をしたら全員にあいさつをすることで、自然と会話をするように働きかける。,2,3,6,,,,,,,,,
66,,古き、悪しき習慣の年功序列が色濃く残る。同じ年次でも、年上に失礼などど言ってくる人がいる。,同じくらいの年代の人で職場を固めるか、同じ世代を一切いなくして、すべての年代一人ずつにするなど。,3,3,10,,,,,,,,,
67,,ストレスがあるのかカリカリしている緊張状態で話すことも出来ない,時間があるときに話し合いをする機会を作ると良いと思う。その場所でその人の事を深く知るようにする,2,3,6,,,,,,,,,
68,,基本的に一人で完結する仕事が多いので、同僚同士のコミュニケーションがあまりないです。,月に一度か、2度、スタッフミーティングをして、情報交換をすると良いと思います。,2,3,6,,,,,,,,,
69,,オフィスが狭いので、近くにいる同僚の人がうるさいと仕事に集中できないことがあります。,デスクの間に間仕切りをしたりして、もっとプライバシーのある空間を作ると良いと思います。,2,3,12,,,,,,,,,
70,,新しい業務が始まる際の打ち合わせ、説明等が十分に従業員に伝えられず、実際に業務が始まってから混乱が生じてしまうことが多い。,前もって従業員に説明する機会を設け、意見交換や情報の共有を図る。業務が始まってからも改善点が無いかこまめに近況の確認や話し合いをする機会を設ける。,2,3,5,,,,,,,,,
71,,"私の職場は「報・連・相」の基本ができていません。

簡単な内容も報告・連絡・相談がないため、対応に時間がかかったり、相手に迷惑をかけてしまうことが度々あります。","報告・連絡・相談を素直にするべきだと思います。

私の会社は風通しがとても悪く、隣同士の職員も業務以外のことでは、ほとんど会話をすることがありません。

もっと会社全体が明るく、すこしでも和やかになれば、くだらない報・連・相の欠落はなくなると思います。",2,3,5,,,,,,,,,
72,,塾の講師をしているのですが、上司とアルバイトとの連携がうまくとれていないため、生徒の情報をうまく共有することができていないという問題が発生しています。また、そのような状況のせいで、生徒の塾に対する満足度、継続率も下降傾向にあるという状況です。,まず、職員と講師（アルバイト）間でのコミュニケーションを図る時間を取ることが最優先であると考えています。二者間でのコミュニケーションを取る時間があまりにも少ないため、現状ではうまく連携を図ることができていないと考えています。そこで、事前ミーティング、作業終了後ミーティングなどをもうけることが必須ではないかと考えます。毎日のミーティングの実施が難しい場合、一週間に一回程度の頻度あってもそのような機会を設けて、情報を共有し合う必要があると思います。,2,3,5,,,,,,,,,
73,,個々での仕事が多いのでコミュニケーションが少ないが故に情報伝達が不十分なことがミスの原因になっている。,メールでのやり取りも効率的でいいのだが、見ていない可能性もあるので重要な事や急ぎの要件は直接本人に伝えることで確実になると思う。,2,3,5,,,,,,,,,
74,,小さな雑貨屋で少ない人数で回しているのですが、毎日顔を合わせるのにいつまで経っても仰々しいです。「〇〇さんが〇〇とおっしゃってました」とか、とにかく丁寧な言葉遣いでみんな気を遣いすぎて仕事内容よりもそっちの方がいちいち疲れます。,全然飲み会や食事会が開かれないのでたまにはそういった場を設けて、少し砕けさせた方がいいと思います。,2,3,6,,,,,,,,,
75,,上司の無駄話が多く、作業が滞る。また、終業時間近くになって新しい仕事を始めるので、無駄な残業が発生する。,上司の仕事を全体的にシフトしてもらい、部下から上に流すスタイルにする。,2,3,10,,,,,,,,,
76,,組織内のコミュニケーション不足。コミュニケーションをとらなくても仕事だけすればいいと思っている人が多いため、組織内に好き嫌いが生まれ、全体的にストレスフルな職場環境になっている。,コミュニケーション不足は飲みニケーション不足。飲み会や食事会を行い、堅苦しい雰囲気は禁止にして、相手を知る努力をする。,2,3,4,6,,,,,,,,
77,,"長年働いている女性事務員が、新しく入ってくる事務員に仕事も教えず、いじめ、3年以内に辞めて行く。
若手が育たない。","長年勤務しているからといって人材育成に協力しないのは問題である。
人材育成に関する勉強会を行い、それでも変わらない場合は配置換えもやむ終えないと思う。",2,3,7,9,,,,,,,,
78,,"産休などが整っていない。

女性が多い職場なので、何かしらの派閥ができる","産休に対する意識がまず薄いので意識改革から始めた方がいいと思います。

派閥については、上司のコントロール能力が試されるのかなと感じております",1,2,4,8,,,,,,,,
79,,現場の意見が重要視されない点です。会社内の仕事は、全て関わりあっていると考えていますが、自分の持ち場の仕事だけしていればいい、自分の持ち場の仕事を高めてくれればいいという方針で、お客様の意見や現場の意見は何も聞かれないのが問題だと感じています。,"会社の方針をしっかりと示した上で、現場の意見を聞き変えるとことは変える、変えないところはなぜ変えないか具体的に説明する事が必要だと思う。

会社の方針が、ブレない商品やサービスを提供するために必要なので、私たち現場の人間も理解しておく必要があります。その上で、最も重要なのは現場の人間が聞いているお客様の意見や、お客様の様子から感じられることだと思います。

お互いが妥協点を見つけるまで、何度も話すしかないと考えています。",2,3,5,,,,,,,,,
80,,人材の長期雇用と育成について問題視しています。まず長期雇用について雇用形態が非正規の人材が多いことで長く働く環境が整っていないと感じます。合わせて育成の環境にバラつきがあり、個々の業務対応が一定ではありません。,雇用については正規雇用はもちろん、段階的に給与の上がる仕組みや能力給などがあれば長期の雇用や業務効率に繋がると思います。育成に関してはマニュアル化をして、web上で個々の質疑に対応できる環境ができれば良いのではと考えました。,2,4,9,,,,,,,,,
81,,何かしらのミスが発生した時の、社員間での責任の擦り付け合いがひどい。,ミスに関わった社員は、その割合に関係なく全員で決裁書を提出する決まりにする。,2,3,3,,,,,,,,,
82,,"男女平等とは口ばかりの男社会。

年功序列でいつまでたっても進化しない。チャンスを発揮しにくいから、会社も発展しないと思う。","男女関係なく仕事を振り分け、女性にもどんどん機会を与えてあげるべき。

たいして仕事もできない居座り上司は解雇すべき。

若者の見本となる、できる上司を上に立たせるべきだ。",2,3,10,,,,,,,,,
83,,１フロアーに様々な部署が同居しておりますが、部署毎に業務の負荷や繁忙期が異なるが、暇な部署もあり、その部署のおしゃべりがうるさくて仕方が無い,部署毎の仕切り等を設けて、おしゃべりが与える周りの部署への影響を減らす。,2,3,12,,,,,,,,,
84,,上司との関係性がうまくいかない。仕事もそうですが、休憩中でも職場でリラックス出来ない。,職場にティータイム出来るような場所を作る。例えばコーヒーマシーンを導入したり、ちょっとしたお菓子を置いたりしてほしい。,3,3,6,,,,,,,,,
85,,同じ課の中で連携が取れておらず、別の人間が同じ報告をしてくることがある。,先ずは課のトップが話し易い環境づくりをしたほうがよい。課の中ではあいさつを始め、雑談もできるくらいが好ましいと思う。,2,3,5,,,,,,,,,
86,,個人で仕様できるスペースが少ないので、作業途中で作業する場所を変えないといけないことがあるので、効率が悪いこと。,オフィス内の配置をかえ、共有スペース以外の個人で使えるスペースの確保をする。,2,3,12,,,,,,,,,
87,,"アパレルで仕事をしています。

従業員の声が反映されやすい、楽しく仕事ができる…

そういう所がいいと思って入社しました。

しかし実際は、私は、ある正社員の人によって仕事は一切楽しくない、その上司によって声も反映されない…そのような状態になっています。

ホスピタリティーを持って仕事しましょうと、良く言う割には、全くできていない従業員ばかり…

半年後の目標を立てさせるのに、部下育成は全く出来てない、部下に関心がないのか、育成以外見ない事が多いです。自分から相談しないと、相手にしてもらえないと言ったほうが正しいかもしれません。どうでもいい時は気づくくせに、悩んでたりしても声すらかけない…

従業員一人一人のスキルを理解してないようで、ふる仕事はやりきる事ができないことも多々あります。","まずは、もっと従業員を見るようにしてもらいたいです。そして、ちゃんと部下育成の計画実行してもらいたいです。これは、アイデアでもなんでもないですが…

ホスピタリティーも、お客様に出来るなら従業員にも出来るはずなのでこれもやってもらいたいです。

極論は、上司が上司らしくないのでもっとちゃんとしてほしいです。

仕事はできるかもしれないけど、従業員への指示出し、従業員一人一人をきちんと理解する事、見る事が全くできていないので、そこの改善から必要だと感じます。",1,2,9,,,,,,,,,
88,,女性同志の職場なので団結力は強いが、意志疎通で誤解が生じると解決が難しい,仕事以外は下の名前で呼び合い親交を深め、仕事場では常にお互いを労い綺麗な言葉を使う。,3,3,5,6,,,,,,,,
89,,上司が自分の保身や出世のためだけにいて、部下の役に立っていないこと,上司が部下のためになる様な行動ができるような意識改革、部下に評価されること,2,3,9,,,,,,,,,
90,,部下、社員の意見を真摯に受け止め、考えようとしない上司、役員,個々の提案に対し、全社員の多数決による合意があった場合、議題に対し、真剣に検討する,3,3,4,,,,,,,,,
91,,サービス残業が当然のようになっており、規則上帰っても問題ないのに、いざ帰るとなると白い目で見られること。,1日の業務タスクを日々設定し、タスク処理をしたら帰っても良い仕組みにする。,3,3,6,11,,,,,,,,
92,,スキルがある人でも、自己評価の低い人は給料があがりにくいところです。,"まず、やる気があるただ若い人をリーダーにして、無知な分上司に都合良く使われていて、その下のリーダーより仕事が出来る人でも、それを面談で評価するリーダー自体がやる気だけの人の為、どういったことが出来ているのか把握できていない。



実力があり、ちゃんと見れる人をリーダーにするべきです。縁の下の力持ちが損します。",2,3,8,,,,,,,,,
93,,自分の職場は、職員は同様の仕事をおこなうところなので、仕事量に大きく差が生じても給料は変わらない点に問題があります。,プラスアルファで仕事量を大幅にこなせた場合には給料に反映してもらえる制度を職場でつくってほしいです。,2,4,8,,,,,,,,,
94,,一人一人との交流があんまりなく職場全体の団結心が見られないです。,飲み会など交流を深める場を増やし、仲を深めそれぞれが意見が言えるようになるべき。,2,3,6,,,,,,,,,
95,,長い間習慣になっているものの考え方が上司の間で揺るがないために、新しい風が吹かなくて問題が改善しません。,上司であっても移動を行うことがいいと思います。新しいチームになれば新人の意見にも耳を傾けてもらえるようになると思います。,2,3,10,,,,,,,,,
96,,指導者のスキルが乏しく、人が育たないため余裕がなく簡単なミスが多い。,指導者の教育が必要と思います。厳しくても理屈が合っていて、ルール化されていれば教わる方も納得できます。そのためには、作業を見直してマニュアル化できるスキルが必要と感じます。作業マニュアルや作業標準などあれば、実際の作業を経験しマニュアルで確認ができるので覚えやすいです。作業工程を追求し、マニュアル化することが解決の方法だと思います。,2,3,9,,,,,,,,,
97,,社長と社員との間でのコミュニケーション不足による経営についての考え方のズレ。,社長がもう少し会社に顔を出して、社員とのコミュニケーションをはかること。,2,3,5,,,,,,,,,
98,,全国の会社に勤務していますが、地方の営業所に勤務しています。営業所は人数も少なく一人でもできない人がいると足を引っ張られてしまいます。またそれにより、周囲の人間関係を悪化させることです。,"営業所だけでなく中小企業でもいえることですが、人材の流動性がないところでは一度人間関係が悪化すると異動することが難しく退職するしかなくなってしまします。

そのため

・コミュニケーション取れる上手な人を置く

・強力なリーダーシップを持った上司を置く

などが必要かと思います。",2,3,3,5,,,,,,,,
99,,メールを受け取ると、24時間以内に返信することが暗黙の了解となっている点。残業が増える理由の一つとなっています。,メールが緊急で24時間以内に返事が必要なものなのかそうでないものなのか、メール発信者が件名に明記することで、受信者側の不要な負担が減ると思います。,2,3,10,,,,,,,,,
100,,コミニケーション不足、勤務体制シフトの作り方、人間関係スキル不足、給料関係,月1?2回のミーティング、個人面談、シフトの見直しですこしでも働きやすい職場を作って行く。,2,3,5,8,10,,,,,,,
101,,とにかく会話が少ない。連絡の行き違いがある。メールのように書面を残すのも大切だけれど、人と人とのコミュニケーションは大切。,朝礼や終礼など定期的に全員顔を合わせる機会があればよい。チームで動く物ならばなおさら。誰が何の仕事をしているか、知っておくのも業務の効率化になる。,2,3,5,,,,,,,,,
102,,"一人に対する仕事の量・質

年配の人は大した仕事しないで丸投げにすること",決まったそれぞれの役割を与えること、なおかつそれを管理する人も同時に必要である。,1,2,11,,,,,,,,,
103,,私の職場ではアルバイトと正社員の両方がいる環境ではあるが、正社員に関しては自主的とはいえどあまりにも休みが少ない為正社員のほとんどは疲労困憊している様に伺える。,1.で挙げた正社員に対してアルバイト務めの者は比較的自由に休んでおり、シフトの融通もきくのでみんな明るく、実績もいいものが多い。やはり数字に追われるのもわかるが休む時、働く時、とメリハリを付けて勤務することが実績向上に繋がるのではないかと思う。実際に国外でその様な働き方をしてかつ生産性が高い所は多くある。,2,3,11,,,,,,,,,
104,,上っ面の付き合いで、中身が伴わない会議やコミュニケーションです。,人事考課など評価する人材の選定。仕事の能力だけでなく人間性や協調性を兼ねそろえた人選。,2,3,5,,,,,,,,,
105,,私は、有料老人ホームに長年勤務していますが、私の職場が経営者が家族経営のため社員が思った事を発言しにくい環境にあります。上に立つ経営者が内輪だけで成り立っている感じで平社員はいいなりになっているだけです。このままでは入居している入居者にも不満が溜まってしまいます。,家族以外の社員を1人でもいいので役員にして、みんなをまとめるパイプ役になってもらったらいいと感じます。,2,3,10,,,,,,,,,
106,,男性の社員の間で、情報の共有が十分になされていない点が問題だと感じます。,携帯電話の他、ノートや、メールをより活用することが解決につながると思います。,2,3,5,,,,,,,,,
107,,"人間関係がうまくいかないと

仕事にも影響がでてしまっているところ。","何か嫌なこととかがあった時に

陰で他の人に悪口を

言うのではなくて本人に

直接言ったりして

直してもらうようにする。",2,3,3,,,,,,,,,
108,,事務職の為に、個人プレーで仕事をしている感じがしてました。相談したくてもみんな各自が  必死で質問したい事が聞けなくて困ります。,"まず、自分の知識を高めて自己解決が出来るようになること。

そして、仕事のやり方などに関して気軽に聞ける環境作りです。

その為に仕事以外のコミュニケーションを大切にして仕事でも質問出来やすい環境を作るとよいと思います。",2,3,6,,,,,,,,,
109,,"全体的に何事に関しても緩い。
年齢層が高い。
低賃金の為、モチベーションが上がらない。","仕事量は増えるかもしれないが、人を減らし、一人一人の賃金を上げる。
仕事スピードが遅い人や頭が悪い人がいるので、若年層でやる気のある人材をを雇用するべきです。",2,3,6,,,,,,,,,
110,,昔からの悪い伝統をずっと引き継いで先輩が改善せずに押し付けていること,一度みんなで話し合って根拠のない要領の悪いことを改善するよう話し合う,2,3,10,,,,,,,,,
111,,人間関係、あと給料がかなり少なく休みもほとんどなかったりする。,辞めたいですけど僕の経験上、辞めるわけにもいかないのでそこは耐えます。あと上司に近づかないことですかね。,2,3,3,11,,,,,,,,
112,,情報共有が出来ていないのが問題点です。電話をとった人が言付けを伝え忘れたり、担当者を通さずに勝手に取引先に連絡を取ってそれを担当者に伝えなかったり、チームで仕事をしているということが頭にない人が多いのが問題だと感じています。,情報共有という基本中の基本が出来ていないので、後回しにしないでどんな情報でもホワイトボードに日付とともに記録する習慣をつければ良いと思います。,2,4,5,,,,,,,,,
113,,出社する社員の顔が眠そうで、朝から元気が感じられないことが問題。,早朝出社した社員に対して、朝食無料サービスを提供し、朝から元気をチャージしてもらう。,3,4,6,,,,,,,,,
114,,上下関係の徹底により、意見を言わないことやイエスマンの人が評価されること。,個々の仕事の成果で報酬を決めること。年功序列なのがコミュニケーションを阻害する。,2,3,10,,,,,,,,,
115,,個人がもくもくと机に向かって作業していて、雑談したり和やかな雰囲気が作れていない。,気軽にコミュニケーションがとれるように、カジュアルな雰囲気のミーティングスペースを作る。,3,3,6,,,,,,,,,
116,,職場での上司などの人の上に立つ人間が、まともに仕事をしてない。,ある程度の年齢に達した人達には出世ができないコースに進んでもらい、若い子達にスポットライトを当てるべき。,3,3,10,,,,,,,,,
117,,コミュニケーション。持病や障がいがある人の受け入れ方や接し方。,"何気ない会話やあかるい雰囲気づくり、誰でも受け入れるというおおらかさ。
時には自虐ネタや駄洒落も入って当然という空気が必要。",2,3,5,,,,,,,,,
118,,一般的なイメージで業務内容が簡単だと応募してくる人が多いのですが、実際は覚えることが多く、すぐ辞めてしまうこと。人が定着しない。,どこの職場も新しく始めれば覚えることがあるのは同じなので、習うより慣れろで、仕事しながら繰り返し覚えていくしかないと思う。また、指導者や周りのスタッフがフォローするよう根気よく続けていく。,1,3,9,,,,,,,,,
119,,上司と部下のコミュニケーションの悪さ：部下の抱えている悩み・提案などを素直に上司に言えないような組織風土がある。,"全社的に従業員の意識度調査を実施して、部門ごと・年代層別に同じような課題があるのかを調べる。

共通の課題であれば、職場改善プロジェクトを立ち上げ、管理者と部下とともにオープンなコミュニケーションができる職場づくりの方法を考える。

特定の部門だけの問題であれば、一年に２回ほどの仕事の目標管理の面接の機会時に何でも言えるような場を管理職が設定する。",2,3,5,6,,,,,,,,
120,,報連相がうまくいっていおらず、コミュニケーションがとれていない。,連絡ノートを使用することや、出勤ボードで連絡事項を記入することで少しは改善されると思う。,2,4,5,,,,,,,,,
121,,デスクに仕切りなどの壁がなく、仕事に集中できないところです。,ある程度、コミュニケーションがとれる高さの仕切りをたて、かつデスクの配置を工夫する。,2,3,12,,,,,,,,,
122,,上司や同僚とコミュニケーションが取りにくい雰囲気があることです。,決められたデスクではなく、自由に席替えができるとコミュニケーションが取りやすくなると思います。,3,3,6,,,,,,,,,
123,,上司や先輩からのパワハラやセクハラまた仕事の催促など当人をせらせす,もっと職場の方々が広い心と視野をもって仕事をすれば環境がよくなりいい,1,2,7,,,,,,,,,
124,,職制の起伏が激しいため、話しかけづらく仕事が円滑に進まない。,職制の起伏が激しいために部下が困っていることを本人に認識させる。,1,2,6,,,,,,,,,
125,,女性が多く、長く働いている女性が権力を持ちやりたい放題やっている点。,社員にも文句を言ってくるため、私たち社員で話し合い、そのパートさんの言いなりにならない、そして、話は全て聞き流し相手にしないようにしていました。,2,3,10,,,,,,,,,
126,,自分の仕事範囲外については、同じ職場なのに分からない、よく知らないと理解しようとしない。,同じ会社内で職場の役割をローテーションで回して、他の人の仕事範囲を理解してはどうかと思う。,3,3,5,,,,,,,,,
127,,私が感じる職場の問題点は、新職員が、長続きせずに、すぐ辞めてしまう事です,新しく入ってきた職員に、丁寧に指導していき、ゆっくりと仕事を覚えてもらう為に、指導する人を一人に決めておけば良いと思います。,2,3,9,,,,,,,,,
128,,年功序列がいまだにいきていて体制が古い。社長のワンマンで誰も社長に意見を言えない。ただ事務員は自由。,簡単にはクビにされることもないのだから、間違っていることは間違っているとはっきり指摘しないとダメだと思う。社内掲示板的なものを作って、簡単にでも問題提起したり、何か気づくきっかけをつくるようにすれば良いと思う。誰も意見を言わないことで本人もそれが間違っていると気付いていない場合も多いと思うので。,2,3,10,,,,,,,,,
129,,新人社員が育たなく、育つ前にやめてしまう。それについて辞めていった人が悪いと上司が思っていること。,まず、誰が新人教育をするのかを役割分担するべき。また、上司が一方的に話すのでなくて新人の理想像も捕らえ話しをすり機会をあたえるべき。カリキュラムの作成。,2,3,9,,,,,,,,,
130,,パートタイマーと職員の間のコミュニケーションが足りないことです。,飴ちゃんやチョコとかつねに持っていて、話のきっかけにすることです。,3,3,6,,,,,,,,,
131,,"電話応対が主となる仕事に従事しています。
電話対応時に会話した物は全てログとしてテキストに人力で書き出さなきゃいけないのでそれが大変な手間になっており、問題点だと感じます。","１．ツールの作成。
簡単な電話応対の会話はマニュアル対応で終わるケースも多いので、あらかじめ定型文を作成しておきケースに合わせた定型文を選択し、ログに反映する。
２．高度な音声書きおこしシステムの導入
大手の企業では電話対応時の会話を自動的に抽出し、テキストとして保存する高度なシステムを使用しているところがあります。
コールセンターやオペレーターなど電話対応が主となる職種すべてにこのシステムの導入が必要だと考えます。",3,4,10,,,,,,,,,
132,,人間関係がうまく行っていないです。店長の独りよがりで他のスタッフみんな不満を抱えています。,店長がもっと周りの意見を聞いて行動されたらいいと思います。報告、連絡、相談ですね!!,2,3,4,,,,,,,,,
133,,長く勤務している人からのプレッシャー、年功序列過ぎて上に上がれない,自分のペースで仕事ができるように、席を離す、しきりを作るなど,2,3,10,,,,,,,,,
134,,職場での悩みやストレスを生み出す人間関係、上司との関係が問題。,笑顔と笑い、積極的、誰とでも信頼を築きコミニケーションを深めること。,2,3,3,4,,,,,,,,
135,,我社は零細企業だが、１つの部屋（そんなに広くないが）に大勢の人（約２０人くらい）がいるし、若手社員が多いので、仕事中の私語・雑談がうるさい。,"上司が若手社員を厳しく教育する。

各人をパーティションなどで区切る。",2,3,12,,,,,,,,,
136,,人間関係の問題によって起こる板挟み状態が起きていて、精神的疲労・ストレスにより体調を崩している職員が多数いる。,"不仲な人間関係同士を別の部署に異動させたり、上司が仲介に入って和解するように促す。
場合によっては専門家に依頼を出して対応してもらう。",2,3,3,,,,,,,,,
137,,職場内でのコミュニケーションが円滑にいかずに情報が共有されていない時がある。,報連相を徹底して風通しを良くするように心がけることが必要だと思う。,2,3,5,,,,,,,,,
138,,同じテーマで仕事をしている人しかほとんど絡みがない。そのため、同じ部署なのに全く話さない人がいること。,アシスタントのローテーションしたり、少しずつ色んなテーマの仕事を割り振ることで話せる機会が増えるはず。,3,3,6,,,,,,,,,
139,,一部の人間たちだけで動いており、連帯感が全くないことです。組織全体が動いていないので、仕事の成果が上がっていない。,組織全体を円滑に回すには、一部の動いている人間たちを解体することが必要と考えます。組織を一度バラバラにしてしまい、新しい編成にして組織全体で動けるような体制に整えます。一部の人間から、今まで主だった人間からは大きな不満が出るでしょうが、それを抑えるのはトップの役目。トップの力量が問われると思います。,3,3,10,,,,,,,,,
140,,職場で威張り散らす人がいて、一緒にいるだけでも蕁麻疹が出るほどです。わざと威張り散らして満足しているようなのですが、仕事で必要なことを聞いても、こちらが嫌な気分になることを言ったり、されたりするので口も聞きたくないし、顔も見たくありません。この人が上司なので、嫌でも口を聞かなくてはいけないのですが、指導をできる人がいないのでますます職場の空気は悪くなり、生産性が悪くなる一方です。,言っても何しても分からない人に無理やり対応していたことがきっかけで、私は突発性難聴にかかり、休職の身となりました。病気になるまでは、蕁麻疹が出たりして嫌々、仕事を続けている、そのような思いをしているのが私だけだったので誰にも相談できずに悩んでいました。しかし、どんなに世話になっていたとしても、ここまで酷い例になると自然と距離を取るようになり、職場でなるべく会わないようにわざとすれ違うように動くものです。普通、ここまでされれば相手は気づくと思います。上手にやろうと思うはずです。しかし、私の場合は相手が馬鹿なので、気づかず、私が病気でリタイアしてしまいました。精神を病まなかったから、よかったものの、このようになって初めて酷い惨状が社長まで届いたという感じです。我慢も大事ですが、私のように我慢しすぎると病気になるので、どうしてもダメだと思いつめたら、退職など考えても良いかも知れません。その前に、その上の上司に相談して改善が見られなければ退職がセオリーです。辞めてしまえば、威張り散らしている人に損害が降りかかります。自分で蒔いた種ですよね。,1,1,3,,,,,,,,,
141,,"わがままでパワハラ的な上司がいることが私の職場の問題点です。

私の部署での一番上の立場にいる上司と、その次のポジションにいる上司が今時流行らないパワハラ的な態度や発言をする人です。

そして、その周りにいる人はみなイエスマンで、誰も逆らうことが出来ず何も言うことができません。

上司二人は、新卒で入社したときから転職無く、ずっとこの会社で勤務してきた為に、他の職場がどのようなものか、雰囲気の良い職場がどのようなものかを知らないところが問題だと思います。

井の中の蛙なのです。","私の勤務する会社は全国展開していますが、正社員でも地域雇用というものがあり、その地域で就職した人が転勤無く、同エリア（地方支店）でずっと勤務できるという制度があります。

それを廃止して、正社員であるならば、転勤をさせ、もしくは系列会社へ出向させ、色々な会社や人間関係を経験させれば良いと思います。

世の中イエスマンだけではないこと、自分のしていることや自分の基準が全てではないことを思い知れば、もっと周りの人のことを考えることが出来るようになり、職場環境もよくなると思います。",2,3,7,10,,,,,,,,
142,,会議の時間が非常に長いので誰もが迷惑している。この時間は各自仕事をしたほうがいい。,会議室にはイスを置かずに会議をやれば会議の時間は非常に短くなると思います。,3,4,10,,,,,,,,,
143,,中途採用で新人が入社してきても丁寧な研修が無いので戸惑いやプレッシャーから入社してきても直ぐに辞めてしまうことが多い事です。,慣れるまではサポートをつけるか一人一人にあわせた研修を行うようにする。研修が難しい場合はいつでも質問できるような状況にする。ベテランを新人一人に対して一人つけて少しずつ一人で出来るように補助をする。,2,3,9,,,,,,,,,
144,,人手不足による忙しさ、部署によっての仕事量の違い、待遇の違いに対する差別感情,人は、身近な人、もしくは目に見える範囲の人が不当に利益を得ていたらうらやましく感じるものです、仕事のやる気、効率を上げるためにできる限り職場の不平等を無くすべきです。忙しい部署のヘルプを他の部署でもするべきだし同じ会社にいるという団結をもっと持って忙しすぎるところは上司が率先して仕事の配分を考えできなそうなことを無理やりやらせるのはやめる。本当に部下のことを観察してタイミングよく声をかける。そういうことをできる人以外は上司として出世するべきではありません。,2,3,7,11,,,,,,,,
145,,多国籍の人が働いているので言葉の問題などコミュニケーションをとるのが難しい,仕事中はなかなか本音で語り合えたりできないのでスポーツやお酒など仕事以外で触れ合う,2,3,5,,,,,,,,,
146,,ベテラン社員と新入社員の壁がありすぎる。中堅がいない為、ベテラン・新人とにギャップが発生し、人が続かない,風通しの良い職場にする。もしくは、直行直帰、在宅ワークを許可し人間間の摩擦を減らす,2,3,5,6,9,,,,,,,
147,,女性の多い職場で八方美人や陰口がつねに多発していて、どろどろした雰囲気がよくないところです。信頼できる人が少なすぎるところが問題と思います。,仕事以外の会話は極力避け、言いたいことはオブラートにつつんででも、人を介さずに直接つたえるというコミュニケーションが大事です。誤解から生じる悪口がおおいので直接の会話で軽減されることもすくなからずあります。,2,3,3,,,,,,,,,
148,,従業員の不平不満が多過ぎて毎日、上司の悪口大会が行われている。マイナス言葉が多すぎる。,上司と従業員の間を取り持つような、主任やチーフという存在を作る。主任やチーフは、上司と密に話し合いを行い、問題点を課題として改善策を考えていく。,2,3,3,,,,,,,,,
149,,面倒くさい仕事のほとんどが私より年下の部下に回されることです。,私自身が面倒くさい仕事でも積極的に行っていき、年齢とかそういうのは関係ないですよーアピールをする。,2,3,11,,,,,,,,,
150,,人間関係のトラブル。 従業員同士の不仲から生じる連携の弱体化です。,些細なことですが、従業員の好きな曲、思い出の曲をリストアップして職場で流すと一種のガス抜きのような形で一定の効果はありました。,3,3,3,,,,,,,,,
151,,若い人が意見を言いづらく、活気がないこと。,社内LANを使って匿名でも意見を言いやすくする。,3,2,6,,,,,,,,,
152,,フリーアドレス制を採用しているが、部署単位でのおおよその位置が設定されており、本来の目的である他部門との情報交換ができない。,本来の目的にてらしあわせて、完全自由なフリーアドレスを実行すべきと考える。,3,3,5,,,,,,,,,
153,, 人数が少ないからと言って風通しが良いわけでは無い　上司が現場におらず自宅勤務なので、質問しづらいのと、どんどん無理難題をふっかけるようになっている。,上司も現場で勤務してもらうよう提案してみる。また、新人が質問しやすい雰囲気・環境づくりが大切。,2,3,5,11,,,,,,,,
154,,人間関係が悪い,"「禁煙にする」喫煙者が一日６回たばこを吸うとして、一回あたり５分必要だとすると、30分も仕事をさぼっていることになる。たばこを吸わない人にしてみれば、「なぜ彼と給料が同じなのか」
という気分になるし、実際に不満に思っている人の声も多く聞いた。また、同じ仕事場でたばこを吸われると、副流煙で、吸っていない人にまで害がある。",1,2,3,,,,,,,,,
155,,年功序列が鮮明。お局に誰も意見出来ない。     ,定期的な部署異動が必要。環境が変われば新しい事を学ぶので、態度が軟化するのではないかと考える。,2,3,10,,,,,,,,,
156,,仕事の個人差が大きい                 ,仕事の均等化を図るために、自分以外の社員の良いところ、改善点などを貼り出しして行く。時間がとれるなら勉強会を実施して仕事の質が低い社員のボトムアップをはかる。,2,3,11,,,,,,,,,
157,,資料を印刷しても、ちょっと目を通してすぐに捨ててしまう。,使用済の紙の裏面を利用して印刷する。                      ,2,3,10,,,,,,,,,
158,,やる気と人間関係だと思います。,よりよいコミュニケーションをつくるために、従業員皆で時には食事に行って飲んだりしながら本音を語り合う事も大事かなと思います。,2,3,3,,,,,,,,,
159,,精神疾患と思われる方がおり、���りがその人に対し理解がなく悪口などを言い嫌な雰囲気になっていて気持ちよく仕事ができない。,メンタルに対しての理解を広めるために、仕事場の人で集まって話し合いをする。               ,2,3,3,,,,,,,,,
160,,年配の人のモチベーションが低く、新しいことは若い世代の仕事と考えに差があること。            ,分からない人には分かるように細かく説明してあげることが大事。やってくれないとほったらかしにするのも何もやってないのと同じなので、同じ目線にたって教えてあげる。,2,3,6,,,,,,,,,
161,,不動産で働いているのですが、よく物件資料を記載した台帳がなくなります。数日前に作ったばかりのものでも何故か無くなってしまいます。,台帳を持ち出したら、就業前には元あった場所に片付けたり、従業員一人一人の机の上を綺麗に整理し、持ち出してもすぐに見つかる環境にする。,2,3,12,,,,,,,,,
162,,仕事（責任）のなすり付けあい                  ,シフト管理を簡明にし、更に情報の共有を行えば課題は減るのではないかと思います。    ,2,3,3,,,,,,,,,
163,,個人のスペースが狭い事。個人のスペースは、机と机の下に入るキャスター1つ。パソコンのキーボードがある為、A4の見開き資料が置くのがやっとです。また、キャスター1つなので、収納が足りなくて困っています。                ,机の形を今の長方形からLの字型の机に変えて、机の上の作業スペースを広げます。また、机の下の収納スペースも広げられるので、収納も増やせます。,2,3,12,,,,,,,,,
164,,大人数で業務をしており新入社員も大量に入ってきたときに話しづらく居心地があまりよくない。,年に１回会社全体でパーティをしてみんな仲良くなる。休憩室もみんなが話しやすいように配置する。,2,3,6,,,,,,,,,
165,,人によっての対応の違い。             ,社内規定を作り、目立つ場所に貼り、尚且つ回覧を回してサインするようにする。,2,4,5,,,,,,,,,
166,,社員同士のコミュニケーション不足    ,社員同士のメールのやり取りを禁止すること。すぐ近くに座っている人に対して、メールで仕事の質問をしたり、会議の予定を伝えたりしているが、実際に顔を見ながら話しをすべきです。話すことをきっかけに、雑談などで職場の空気も変わってくると思います。                                ,3,3,6,,,,,,,,,
167,,営業で直行や直帰が多く、メンバー全員がそろう事が少ない。,毎週決めた曜日に全体会議を開いて、メンバー同士の意思疎通を図ると良いと思います。,2,3,6,,,,,,,,,
168,,内勤の人が多く、1日中座って作業しているので、肩こり・腰痛・眼精疲労に悩んでいる社員が多い。特に忙しい時期は残業が増え、疲労をため込み、体調不良を訴える人も。 ,社員のための休憩室を設け、マッサージ機を設置したりハーブティーなどのお茶を飲めたりと、疲労回復ができるようにする。,3,3,12,,,,,,,,,
169,,社員１人１人がバラバラで一致団結できない事です。,社員を平等に考え信頼できるリーダーとサブリーダーを決めて、少しづつまとめていくしかないと思います。,2,3,5,,,,,,,,,
170,,残業が多すぎると思います。定時で帰れることなどほとんどありません。ましてや同僚や上司が残っているのに自分だけが帰宅するということもできません。そのような環境が問題です。,皆残っているから帰りずらいわけで、会社の方針で定時になったら皆帰ると決めてしまえば良いと思います。仕事が終わらないという人もいるかもしれませんが、分担すれば終わるはずです。,2,3,6,11,,,,,,,,
171,,若い職員が自分の意見を言えない。上の職員は発言に対し否定ばかりである。,若い社員だけでなく、上の職員も外部のリーダー研修などを受ける機会があればよい。,2,3,4,5,,,,,,,,
172,,中堅・ベテラン社員と新人・若手社員との関係に隔りを感じる。,休憩所や喫煙所などコミニュケーションの場を設けて意識的に交流する。,2,3,6,,,,,,,,,
173,,部下とのコミュニケーション。外出が多くてタイムリーにホウレンソウを聞くことができない。,ラインなどのSNSを使って気軽に報告できる環境を作った。,2,3,5,,,,,,,,,
174,,職場の雰囲気が暗い。一部の人間が牛耳っているのが影響のため、他の人が怯えるようになってしまい、朝から暗いのでモチベーションが上がらない。,自分一人でやっているのですが、表情と態度で明るくするようにしています。牛耳っている人たちを振り向かすのではなく、そんな人は放っておいて独自の仕事に対する取り組みを行なっていき、他人に対し、明るく接する、アイデアのある返答をするなどを実行します。徐々にですが、他の人がなびいてきます。「あの人は明るい、面白い」と思ってくれることで、徐々にですが暗い表情が明るくなり、仕事上のトラブルも減っています。,2,3,6,,,,,,,,,
175,,何十年も新入社員を採らず、平均年齢が50歳。職場の風通しが非常に悪く、体質が古い。新しいアイデアもなければ、これまでの事例を頼りに業務を進めている。そのため、今後発展する見込みがうすい。,毎年、計画的に新入社員を採用したり、転職者を採ったりすることで、会社に新しい考え方を取り込むべきだ。また、定期的に若年層によるプレゼンテーションや業務改善の提案などを通して、実現性の可否に関わらず、社員全体の意識改革を図るべきだ。,2,3,9,10,,,,,,,,
176,,個人プレーが多くまとまりが無い。営業マンだから個人の成績も大事ですがみんなで目標に向かって協力しあうことも大事です。,みんなで会社を盛り上げるためには協力しあうことが必須です。誰か指揮を取る人がカリスマ性があって他のみんなも付いていこうと思える人が必要です。,2,3,5,,,,,,,,,
177,,典型的な男社会の職場でパワハラが横行しています。特に若い女性社員は目の敵にされることが多く、涙を流すこともしょっちゅうです。上司の八つ当たりがこちらに来るかもと思うと、止めるように指摘することもできません。,社内に苦情を聞いてもらえる部署または投書箱の様なものを設置して欲しいです。下の者は直接上司には言いづらいので会社の責任で設置すべきです。,2,4,7,,,,,,,,,
178,,事務所の中で冷房の効き具合が、強い所と弱い所でかなり差があり、暑がりの人と寒がりの人がいて苦情が出ている。,音の弱い風鈴など風の障害物を設置して、空気を分散させる。また天井付近に弱い風が出るファンを設置して、全体に風が当たるようにする。,2,3,12,,,,,,,,,
179,,会社の仲間を大切に思うこと。困っている人を助ける。会社内で悪口、文句を言わない。笑顔を忘れず元気よく挨拶,あいさつを笑顔ですることで会社が明るくなると思います。みんなで明るく助け合い仕事を楽しく出来る環境。,2,3,5,,,,,,,,,
180,,役職に応じた仕事の割り振りができていないことです。特に上の職位の人が、かなり細かい仕事をしていることが多いです。,新しく入ってきた人に対して、細かい仕事をきちんと指導し、やってもらえるようにすることです。新しい人が入ってきたら、どんな細かい仕事でもオリエンテーションの時間を設けて、少しずつ権限委譲ができるようにしなければいけません。,2,3,10,,,,,,,,,
181,,意見や考えを上の者に伝えられない、伝わらない、伝えてもその場で終わってしまう環境。上のものより先に上がることの嫌な空気感。,重々しい空気の会議は辞めて気軽にディスカッションする場を設けるべきだ。例えば、明るいアットホームな会議室を作るなど。そして下の者の意見や考えを受け入れ共に考えて行ける上司を教育して行くべき。\r\n定時で帰るのは普通、有給とるのは当たり前の社風を作る為に若い人の意見、考えを取り入れて行くべき。\r\n予定よりも短時間、短期間で仕事を成し遂げたらプラスの報酬を渡すもしくは評価をあげる。逆に必要以上の残業は罰金など,2,3,5,6,,,,,,,,
182,,忙しさにかまけてしっかり教えられていないし、しっかりしたマニュアルもなく、聞きづらい環境になっている。,新人でも見やすいマニュアル作りが必要だし、人が足りないから人員を募集する訳だけど、新人に同じ仕事量が無理なのは当たり前で育てる環境が必要なので、新人が育つまで教育係かその分働ける人を慣れている人を入れて、徹底的に教えて出来るようになってから同じように業務をするようにする。\r\nじゃないと育つ前に辞めてしまい、負の連鎖が止まらない。,2,3,6,10,,,,,,,,
183,,ミスしたことに対して改善の方法を探るのではなく、ミスした人をただ責めるだけになっていることが最も問題です。,ヒューマンエラーに関する研修を行い、「ミスは誰でもすること」、「責めるのではなく次にどうするかを考えることが重要であること」を周知する。,2,3,10,,,,,,,,,
184,,比較的、全体としては有給とりやすい会社ですが人がギリギリしか出社していなくて（シフト製）特に子育てしてる人は突発的に（子供の風邪などで仕方なくても）休みをとりずらいこと。,大幅増員するか、できないのであれば1日あたりの希望休とれる人数を減らし1日あたりに休める人数を減らし予備として出勤する人を増やす。,2,3,11,,,,,,,,,
185,,休憩時間がしっかりと確保されていないのに9時間拘束され、給料は休憩時間分を差し引かれていること。そして、パートは希望で勤務日を選べるのに正社員はほとんど無理なのに時給は同じと、優遇度が違うこと。,監査に入ってもらいしっかりと指導してもらうこと。\r\n国は介護職の給与形態等を見直すべきで、予算がないなら個人の資産に応じた負担にするべき。\r\n1度倒産した方がいいのかもしれない。\r\n,2,2,4,11,,,,,,,,
186,,職員同士での声かけが少ない。返事がない場合があり、うやむやになってしまう時がる。職場の雰囲気が悪い。,声かけかけ、返事をしっかりやる。依頼するとき、頼まれたときお互いの顔をみて行うようにする。声が出れば活気も出て、職員同士の信頼関係も生まれる。,2,3,5,6,,,,,,,,
187,,おしゃべりな中年女性が多いです。お局様もその中にいるので、正社員の若い子達が注意をしたくても出来ません。職場の人の悪口を言っているときもあり、たまに空気が重くなります。,責任者から無駄話をしないようお局様たちに注意をすること。そして、仕事仲間なのだから人の悪口を言わないことを約束させること。それでも改善しなければ、本社に連絡して偉い人から直接注意をしてもらうように頼んでみる。,2,3,6,12,,,,,,,,
188,,多くの職場の問題点は、時間がないといった理由で、上司や経営層が何でもやってしまい、部下が委縮して、怒られないように言われたことしかできなくなり、結果として職場に自由闊達な雰囲気ができない。,経営層や大きな組織の部門長などが、社員に業務オーダをきちんと伝え、その社員のやることに対して一切口を出さないこと。,2,3,5,,,,,,,,,
189,,1人体制の職場なので手軽に相談や気分転換できる手段がない！また、体調を崩してしまうと仕事が止まり負担が増える！給料が安い,人員増加し情報共有や相談できる環境にする事でストレス軽減につながりモチベーションを維持できると思います。\r\nまた、お互いが協力できる体制だとスキルアップにもつながり、それが人材育成や職場力の底上げにもつながるし、そうなれば給料も上がると思います。,2,3,9,11,,,,,,,,
190,,時間外労働が当たり前となっている。また、上司がそれを当たり前と感じている事。時間外労働に対する対価がない。,まずは、ネットワークの強制遮断を行う。就業後のモバイル機器の外部持ち出し（自宅など）への禁止をする。モバイル機器は特定の場所でのみ充電が可能にして、そこに置かないと会社から出る事ができないようにする。持ち出す場合は、上司承認及び残業時間がつくようにしてコストがかかる事を認識することにより効率化につながると思います。,2,3,11,,,,,,,,,
191,,何を何時までに完了するのか、といった全体の目標や、今後数カ月でどの程度の仕事をこなすのか、といったスケジュールがわからないまま残業などを繰り返していること。,幹部レベルの施策や目標、スケジュールを末端の社員までいつでも閲覧できるようにしておくと良いかと思います。,2,2,11,,,,,,,,,
192,,求人と実際入社して貰える給料が違うことに問題があります。求人自体もそこまでよくはないのに、実際違っているので、離職率も多くなっており、出入りが激しい状況です。,求人自体を見直し、それに見合った給料を支払う必要があると思います。よく見せようとするのもありですが、離職する人もいることを考えて作成し直すべきです。,2,3,9,,,,,,,,,
193,,運送倉庫で朝の仕分けのバイトをしていますが、当日積載する荷物の個数が何個か分からない中で仕分けをするので、時として乗り切らないおそれも出てくる。,・当日の各コースの積載予定量を前日中に知らせる・積載量の上限を設定し、受付時にコース設定量が上限に達したと判断した時点でそのコースの受付を終了する,2,2,10,,,,,,,,,
194,,基本的にトップダウンの指示が多く、ボトムアップによる意見がなかなか集まらない。１つの課題に対して何も考えていないのか、それとも考えることができないのかという点がわからず、とても困っている。,何も考えていないという場合でも、考えることができないという点でも、そのような機会を与えていないことが問題であると思う。だから１人１人に役割を与えて責任をもって対処してもらうようにすることが大事だと思う。また、様々なアイデアのヒントになるように読んでみて参考になった本であったり、面白いホームページなどを紹介して感想を書いてもらうようにするといいと思う。,2,4,5,6,,,,,,,,
195,,社長が従業員のことを人として認識していない。\r\n奴隷だと思っているし、有給休暇もない。健康診断もないし、福利厚生も一切ない。,自分が退職する時に、労働基準監督署に申し入れをしようと思っています。罰金はとられないとしても、今いる人達に対して正されると思います。,2,2,4,8,,,,,,,,
196,,作業の効率が悪く１つ１つの仕事に無駄な時間がかかって残業や休日出勤が多くなる傾向があるように思います。,作業員が積極的にアイデアを出し合って作業法をマニュアル化し作業効率を無駄なく上げていくのが理想的だと思います。,2,3,11,,,,,,,,,
197,,夜遅くまで残業して、翌朝遅刻者が多発してしまっていること。残業すれば朝多少遅刻しても良いという考えが多く、残業する人が評価されていること。,遅刻者は残業禁止。強制定時退社とする。評価においては、成果と残業時間を数値化し、残業時間が少なく成果をあげている人を評価するようなシステムを作る。そのため、個人単位で細かな業務スキル管理を行う。,3,3,11,,,,,,,,,
198,,職場では２０代前半から５０代前半までの世代が、上司部下の関係でなく同等の立場で、業務を行っています。世代間の溝があり、２０代の若い人は、５０代の社員に自分から声をかけて、仕事の相談をするようなことはありません。多分遠慮があるのだと思います。５０代の人は２０代の考えていることが全く分からないと言って、コミュニケーションを積極的にとろうとしません。これでは、同じ目標をもって成果を上げるという組織の基本が成り立ちません。,グループのメンバーで、あえて異なった世代の二人でいくつかのペアをつくり、仕事の成果とペアのコミュニケーションの相関性のデータをとってみる。ペアは定期的に組みなおすことで色々な世代間で、お互いの考え方を学ぶことができるようにする。,3,3,5,,,,,,,,,
199,,隣同士の人でもあまり会話がない。みんな個人で仕事をしているようでみんなで一緒にいるかんじではありません。,積極的に話をするためには、まず、社内メールを失くして、直接、相手と話して伝える習慣にしたら良いと思います。,2,3,5,,,,,,,,,
200,,結婚して子供のいる女性でも全国転勤があること、女性の勤続年数を増やしたいといっている割には新婚でいきなり地方に飛ばすなど表向きとは裏腹になっている現状がある。,結婚後は多少の配慮があってもいいと思う。全国展開のある会社だがもっと時間給やフレックスタイムの導入を検討して欲しい。,2,3,8,,,,,,,,,
201,,同僚のうち2人が毎日のようにアメリカ本社チームに対する不満やほかの人への不満を話して、やる気がそがれる,席をもっと遠くにするか、ITの個室を出たい。もっと多くの従業員がいる同じ空間にいれば、延々と愚痴を言わなくなると思う,2,3,12,,,,,,,,,
202,,私は会社員(私の仕事は非常勤教員)ではありません。客観的に一般論を述べさせていただくと外部からみて、会社の問題点として意識されるのは内部分裂ではないでしょうか。外部からみると印象が悪くなるような気がします。,会社内の人材活用が大事だと思います。効率よくその「妙」(要点)を把握することではないでしょうか。会社の効率的な組織運用のためには人材の適材適所の配置が必要で、もちろん資金(運用)や時代に応じたニーズへの対応、社史編纂(会社の伝統づくり。人をしたがわせるための業績の権威化)などたくさんの安定運営のための要素があるので難しい問題だと思います。会社や会社員の気持ちがわかっていないといわれることを承知で「外野」から「意見」させていただきたいと思います。,2,2,3,,,,,,,,,
203,,女性が大半を占める職場なので、陰口や盛って問題を大きくすること。それにより、職員間の仲が悪くなり、誰かが辞めると言い出して上司に無駄な労力を使わせること。,上司か職場全体で懇親会等を開催し、そこでチーム戦を設けて協力することの大切さに気付かせる。上司と部下の信頼関係を築く。,2,3,3,,,,,,,,,
,,,,,,,,,,,,,,,
,,,,,,,,,,,,,,,
,,,,,,,,,,,,,,,
,,,,,,,,,,,,,,,
,,,,,,,,,,,,,,,
,,,,,,,,,,,,,,,
,,,,,,,,,,,,,,,
,,,,,,,,,,,,,,,
,,,,,,,,,,,,,,,
,,,,,,,,,,,,,,,
,,,,,,,,,,,,,,,
,,,,,,,,,,,,,,,
,,,,,,,,,,,,,,,
,,,,,,,,,,,,,,,
,,,,,,,,,,,,,,,
,,,,,,,,,,,,,,,
,,,,,,,,,,,,,,,
,,,,,,,,,,,,,,,
,,,,,,,,,,,,,,,
,,,,,,,,,,,,,,,
,,,,,,,,,,,,,,,
,,,,,,,,,,,,,,,
,,,,,,,,,,,,,,,
,,,,,,,,,,,,,,,
,,,,,,,,,,,,,,,
,,,,,,,,,,,,,,,
,,,,,,,,,,,,,,,
,,,,,,,,,,,,,,,
,,,,,,,,,,,,,,,
,,,,,,,,,,,,,,,
,,,,,,,,,,,,,,,
,,,,,,,,,,,,,,,
,,,,,,,,,,,,,,,
,,,,,,,,,,,,,,,
,,,,,,,,,,,,,,,
,,,,,,,,,,,,,,,
,,,,,,,,,,,,,,,
,,,,,,,,,,,,,,,
,,,,,,,,,,,,,,,
,,,,,,,,,,,,,,,
,,,,,,,,,,,,,,,
,,,,,,,,,,,,,,,
,,,,,,,,,,,,,,,
,,,,,,,,,,,,,,,
,,,,,,,,,,,,,,,
,,,,,,,,,,,,,,,
,,,,,,,,,,,,,,,
,,,,,,,,,,,,,,,
,,,,,,,,,,,,,,,
,,,,,,,,,,,,,,,
,,,,,,,,,,,,,,,
,,,,,,,,,,,,,,,
,,,,,,,,,,,,,,,
,,,,,,,,,,,,,,,
,,,,,,,,,,,,,,,
,,,,,,,,,,,,,,,
,,,,,,,,,,,,,,,
,,,,,,,,,,,,,,,
,,,,,,,,,,,,,,,
,,,,,,,,,,,,,,,
,,,,,,,,,,,,,,,
,,,,,,,,,,,,,,,
,,,,,,,,,,,,,,,
,,,,,,,,,,,,,,,
,,,,,,,,,,,,,,,
,,,,,,,,,,,,,,,
,,,,,,,,,,,,,,,
,,,,,,,,,,,,,,,
,,,,,,,,,,,,,,,
,,,,,,,,,,,,,,,
,,,,,,,,,,,,,,,
,,,,,,,,,,,,,,,
,,,,,,,,,,,,,,,
,,,,,,,,,,,,,,,
,,,,,,,,,,,,,,,
,,,,,,,,,,,,,,,
,,,,,,,,,,,,,,,
,,,,,,,,,,,,,,,
,,,,,,,,,,,,,,,
,,,,,,,,,,,,,,,
,,,,,,,,,,,,,,,
,,,,,,,,,,,,,,,
,,,,,,,,,,,,,,,
,,,,,,,,,,,,,,,
,,,,,,,,,,,,,,,
,,,,,,,,,,,,,,,
,,,,,,,,,,,,,,,
,,,,,,,,,,,,,,,
,,,,,,,,,,,,,,,
,,,,,,,,,,,,,,,
,,,,,,,,,,,,,,,
,,,,,,,,,,,,,,,
,,,,,,,,,,,,,,,
,,,,,,,,,,,,,,,
,,,,,,,,,,,,,,,
,,,,,,,,,,,,,,,
,,,,,,,,,,,,,,,
,,,,,,,,,,,,,,,
,,,,,,,,,,,,,,,
,,,,,,,,,,,,,,,
,,,,,,,,,,,,,,,
,,,,,,,,,,,,,,,
,,,,,,,,,,,,,,,
,,,,,,,,,,,,,,,
,,,,,,,,,,,,,,,
,,,,,,,,,,,,,,,
,,,,,,,,,,,,,,,
,,,,,,,,,,,,,,,
,,,,,,,,,,,,,,,
,,,,,,,,,,,,,,,
,,,,,,,,,,,,,,,
,,,,,,,,,,,,,,,
,,,,,,,,,,,,,,,
,,,,,,,,,,,,,,,
,,,,,,,,,,,,,,,
,,,,,,,,,,,,,,,
,,,,,,,,,,,,,,,
,,,,,,,,,,,,,,,
,,,,,,,,,,,,,,,
,,,,,,,,,,,,,,,
,,,,,,,,,,,,,,,
,,,,,,,,,,,,,,,
,,,,,,,,,,,,,,,
,,,,,,,,,,,,,,,
,,,,,,,,,,,,,,,
,,,,,,,,,,,,,,,
,,,,,,,,,,,,,,,
,,,,,,,,,,,,,,,
,,,,,,,,,,,,,,,
,,,,,,,,,,,,,,,
,,,,,,,,,,,,,,,
,,,,,,,,,,,,,,,
,,,,,,,,,,,,,,,
,,,,,,,,,,,,,,,
,,,,,,,,,,,,,,,
,,,,,,,,,,,,,,,
,,,,,,,,,,,,,,,
,,,,,,,,,,,,,,,
,,,,,,,,,,,,,,,
,,,,,,,,,,,,,,,
,,,,,,,,,,,,,,,
,,,,,,,,,,,,,,,
,,,,,,,,,,,,,,,
,,,,,,,,,,,,,,,
,,,,,,,,,,,,,,,
,,,,,,,,,,,,,,,
,,,,,,,,,,,,,,,
,,,,,,,,,,,,,,,
,,,,,,,,,,,,,,,
,,,,,,,,,,,,,,,
,,,,,,,,,,,,,,,
,,,,,,,,,,,,,,,
,,,,,,,,,,,,,,,
,,,,,,,,,,,,,,,
,,,,,,,,,,,,,,,
,,,,,,,,,,,,,,,
,,,,,,,,,,,,,,,
,,,,,,,,,,,,,,,
,,,,,,,,,,,,,,,
,,,,,,,,,,,,,,,
,,,,,,,,,,,,,,,
,,,,,,,,,,,,,,,
,,,,,,,,,,,,,,,
,,,,,,,,,,,,,,,
,,,,,,,,,,,,,,,
,,,,,,,,,,,,,,,
,,,,,,,,,,,,,,,
,,,,,,,,,,,,,,,
,,,,,,,,,,,,,,,
,,,,,,,,,,,,,,,
,,,,,,,,,,,,,,,
,,,,,,,,,,,,,,,
,,,,,,,,,,,,,,,
,,,,,,,,,,,,,,,
,,,,,,,,,,,,,,,
,,,,,,,,,,,,,,,
,,,,,,,,,,,,,,,
,,,,,,,,,,,,,,,
,,,,,,,,,,,,,,,
,,,,,,,,,,,,,,,
,,,,,,,,,,,,,,,
,,,,,,,,,,,,,,,
,,,,,,,,,,,,,,,
,,,,,,,,,,,,,,,
,,,,,,,,,,,,,,,
,,,,,,,,,,,,,,,
,,,,,,,,,,,,,,,
,,,,,,,,,,,,,,,
,,,,,,,,,,,,,,,
,,,,,,,,,,,,,,,
,,,,,,,,,,,,,,,
,,,,,,,,,,,,,,,
,,,,,,,,,,,,,,,
,,,,,,,,,,,,,,,
,,,,,,,,,,,,,,,
,,,,,,,,,,,,,,,
,,,,,,,,,,,,,,,
,,,,,,,,,,,,,,,
,,,,,,,,,,,,,,,
,,,,,,,,,,,,,,,
,,,,,,,,,,,,,,,
,,,,,,,,,,,,,,,
,,,,,,,,,,,,,,,
,,,,,,,,,,,,,,,
,,,,,,,,,,,,,,,
,,,,,,,,,,,,,,,
,,,,,,,,,,,,,,,
,,,,,,,,,,,,,,,
,,,,,,,,,,,,,,,
,,,,,,,,,,,,,,,
,,,,,,,,,,,,,,,
,,,,,,,,,,,,,,,
,,,,,,,,,,,,,,,
,,,,,,,,,,,,,,,
,,,,,,,,,,,,,,,
,,,,,,,,,,,,,,,
,,,,,,,,,,,,,,,